{"cameraMode":{"drawMode":0,"name":"Shaded","section":"Shading Mode"},"sceneLighting":false,"audioPlay":false,"sceneViewState":{"m_AlwaysRefresh":false,"showFog":true,"showSkybox":true,"showFlares":true,"showImageEffects":true,"showParticleSystems":true,"showVisualEffectGraphs":true,"m_FxEnabled":false},"in2DMode":false,"pivot":{"x":-0.15727581083774568,"y":-0.05050138384103775,"z":0.9989790916442871},"rotation":{"x":0.028805220499634744,"y":0.0059928884729743,"z":-0.00017307903908658773,"w":0.9995654821395874},"size":0.3799927234649658,"orthographic":false}